{
  "config": {
    "total_timesteps": 100000,
    "num_envs": 8,
    "seed": 42
  },
  "ppo": {
    "training_rewards": [],
    "eval_rewards": [
      -20.0,
      -21.0,
      -20.0,
      -19.0,
      -20.0,
      -21.0,
      -20.0,
      -21.0,
      -21.0,
      -21.0
    ],
    "logs": {
      "timesteps": [
        10240.0,
        20480.0,
        30720.0,
        40960.0,
        50176.0,
        60416.0,
        70656.0,
        80896.0,
        90112.0,
        100352.0
      ],
      "rewards": [
        0.0,
        0.0,
        0.0,
        0.0,
        0.0,
        0.0,
        0.0,
        0.0,
        0.0,
        0.0
      ],
      "pg_loss": [
        -7.876293966546655e-05,
        -0.0006106116925366223,
        -0.0009308608714491129,
        -1.412699930369854e-05,
        -0.0033056800020858645,
        -0.0007083797827363014,
        0.00015721132513135672,
        -0.005860669130925089,
        -0.0017669042572379112,
        -0.0003401956637389958
      ],
      "vf_loss": [
        0.6472433619201183,
        0.7858647778630257,
        0.7200061120092869,
        0.9500979669392109,
        0.5634980574250221,
        0.48389834351837635,
        0.2833390487357974,
        0.23724667727947235,
        0.1897513223811984,
        0.08068545116111636
      ],
      "entropy": [
        1.781147576868534,
        1.7901728004217148,
        1.749519407749176,
        1.747589536011219,
        1.7644104585051537,
        1.7667795941233635,
        1.771320916712284,
        1.7198063880205154,
        1.7395966723561287,
        1.7553829550743103
      ]
    }
  },
  "rlhf": {
    "training_rewards": [],
    "eval_rewards": [
      -21.0,
      -21.0,
      -20.0,
      -21.0,
      -19.0,
      -21.0,
      -21.0,
      -21.0,
      -21.0,
      -21.0
    ],
    "logs": {
      "timesteps": [
        10240.0,
        20480.0,
        30720.0,
        40960.0,
        50176.0,
        60416.0,
        70656.0,
        80896.0,
        90112.0,
        100352.0
      ],
      "rewards": [
        0.0,
        0.0,
        0.0,
        0.0,
        0.0,
        0.0,
        0.0,
        0.0,
        0.0,
        0.0
      ],
      "pg_loss": [
        -0.0019214283092878759,
        -0.0005614810506813228,
        -0.0026645693578757346,
        0.003460025123786181,
        -0.00016448093811050057,
        0.0006281799869611859,
        -0.0002193882828578353,
        -0.0010739376302808523,
        -6.614788435399532e-05,
        0.0017010323354043067
      ],
      "vf_loss": [
        0.6202216576784849,
        2.7785657793283463,
        20.79443597793579,
        836.129789352417,
        3994.5101623535156,
        23377.916137695312,
        49702.6552734375,
        58095.086181640625,
        87652.32275390625,
        138080.3046875
      ],
      "entropy": [
        1.777278259396553,
        1.757552795112133,
        1.5228292420506477,
        1.2182475626468658,
        1.0159294493496418,
        1.0187765806913376,
        0.7567775771021843,
        0.8223720043897629,
        0.609207134693861,
        0.7444794811308384
      ],
      "kl_loss": [
        0.008448812237475067,
        0.023174464819021523,
        0.24483297672122717,
        0.5000097844749689,
        0.7636882327497005,
        0.7518255300819874,
        1.0606788396835327,
        0.9681503959000111,
        1.236735999584198,
        1.118055410683155
      ],
      "rm_loss": [
        0.6927877426147461,
        0.6760892629623413,
        0.6636796474456788,
        0.6051994681358337,
        0.595902931690216,
        0.5881593823432922,
        0.5988987803459167,
        0.5662451028823853,
        0.5761678695678711,
        0.547833526134491
      ],
      "n_preferences": [
        547.0,
        597.0,
        647.0,
        697.0,
        742.0,
        792.0,
        842.0,
        892.0,
        937.0,
        987.0
      ]
    }
  }
}